Site,Variable,Fraction Missing,Longest Consecutive Gap,Gap Type,Start Date,Monthly Missing Fraction,Missingness by Flow
St.David,Flow Code,0.16811553561413348,577,systematic,2010-06-16,"{""1"": 0.1338709677419355, ""2"": 0.1168141592920354, ""3"": 0.15, ""4"": 0.17666666666666667, ""5"": 0.15, ""6"": 0.21666666666666667, ""7"": 0.13333333333333333, ""8"": 0.22241086587436332, ""9"": 0.2631578947368421, ""10"": 0.14261460101867574, ""11"": 0.15789473684210525, ""12"": 0.15789473684210525}",{}
St.David,Precipitation,0.0007010656197420079,1,random,2008-12-31,"{""1"": 0.0, ""2"": 0.0, ""3"": 0.0, ""4"": 0.0, ""5"": 0.0, ""6"": 0.0, ""7"": 0.0, ""8"": 0.0, ""9"": 0.0, ""10"": 0.0, ""11"": 0.0, ""12"": 0.008488964346349746}","{""-1"": 0.0, ""0"": 0.0012557555462536626, ""1"": 0.0, ""2"": 0.0007342143906020558}"
St.David,ET,0.12941671340437466,923,systematic,2023-01-01,"{""1"": 0.15, ""2"": 0.1504424778761062, ""3"": 0.15, ""4"": 0.15, ""5"": 0.15, ""6"": 0.15, ""7"": 0.12166666666666667, ""8"": 0.10526315789473684, ""9"": 0.10526315789473684, ""10"": 0.10526315789473684, ""11"": 0.10526315789473684, ""12"": 0.10526315789473684}","{""-1"": 0.0, ""0"": 0.26370866471326915, ""1"": 0.006793478260869565, ""2"": 0.07048458149779736}"
St.David,Temperature,0.0007010656197420079,1,random,2008-12-31,"{""1"": 0.0, ""2"": 0.0, ""3"": 0.0, ""4"": 0.0, ""5"": 0.0, ""6"": 0.0, ""7"": 0.0, ""8"": 0.0, ""9"": 0.0, ""10"": 0.0, ""11"": 0.0, ""12"": 0.008488964346349746}","{""-1"": 0.0, ""0"": 0.0012557555462536626, ""1"": 0.0, ""2"": 0.0007342143906020558}"
St.David,VPD,0.0007010656197420079,1,random,2008-12-31,"{""1"": 0.0, ""2"": 0.0, ""3"": 0.0, ""4"": 0.0, ""5"": 0.0, ""6"": 0.0, ""7"": 0.0, ""8"": 0.0, ""9"": 0.0, ""10"": 0.0, ""11"": 0.0, ""12"": 0.008488964346349746}","{""-1"": 0.0, ""0"": 0.0012557555462536626, ""1"": 0.0, ""2"": 0.0007342143906020558}"
Contention,Flow Code,0.1074032529444756,220,random,2010-01-10,"{""1"": 0.1596774193548387, ""2"": 0.1504424778761062, ""3"": 0.13225806451612904, ""4"": 0.13333333333333333, ""5"": 0.1, ""6"": 0.12166666666666667, ""7"": 0.12166666666666667, ""8"": 0.0730050933786078, ""9"": 0.01929824561403509, ""10"": 0.06112054329371817, ""11"": 0.10526315789473684, ""12"": 0.10526315789473684}",{}
Contention,Precipitation,0.0007010656197420079,1,random,2008-12-31,"{""1"": 0.0, ""2"": 0.0, ""3"": 0.0, ""4"": 0.0, ""5"": 0.0, ""6"": 0.0, ""7"": 0.0, ""8"": 0.0, ""9"": 0.0, ""10"": 0.0, ""11"": 0.0, ""12"": 0.008488964346349746}","{""0"": 0.0007044734061289186, ""1"": 0.0, ""2"": 0.0009085402786190188}"
Contention,ET,0.12941671340437466,923,systematic,2023-01-01,"{""1"": 0.15, ""2"": 0.1504424778761062, ""3"": 0.15, ""4"": 0.15, ""5"": 0.15, ""6"": 0.15, ""7"": 0.12166666666666667, ""8"": 0.10526315789473684, ""9"": 0.10526315789473684, ""10"": 0.10526315789473684, ""11"": 0.10526315789473684, ""12"": 0.10526315789473684}","{""0"": 0.2581895033462487, ""1"": 0.017777777777777778, ""2"": 0.04875832828588734}"
Contention,Temperature,0.0007010656197420079,1,random,2008-12-31,"{""1"": 0.0, ""2"": 0.0, ""3"": 0.0, ""4"": 0.0, ""5"": 0.0, ""6"": 0.0, ""7"": 0.0, ""8"": 0.0, ""9"": 0.0, ""10"": 0.0, ""11"": 0.0, ""12"": 0.008488964346349746}","{""0"": 0.0007044734061289186, ""1"": 0.0, ""2"": 0.0009085402786190188}"
Contention,VPD,0.0007010656197420079,1,random,2008-12-31,"{""1"": 0.0, ""2"": 0.0, ""3"": 0.0, ""4"": 0.0, ""5"": 0.0, ""6"": 0.0, ""7"": 0.0, ""8"": 0.0, ""9"": 0.0, ""10"": 0.0, ""11"": 0.0, ""12"": 0.008488964346349746}","{""0"": 0.0007044734061289186, ""1"": 0.0, ""2"": 0.0009085402786190188}"
Fairbank,Flow Code,0.17162086371284352,305,random,2011-05-14,"{""1"": 0.22580645161290322, ""2"": 0.184070796460177, ""3"": 0.16451612903225807, ""4"": 0.09166666666666666, ""5"": 0.07903225806451612, ""6"": 0.12, ""7"": 0.12666666666666668, ""8"": 0.18505942275042445, ""9"": 0.25263157894736843, ""10"": 0.21901528013582344, ""11"": 0.2631578947368421, ""12"": 0.15959252971137522}",{}
Fairbank,Precipitation,0.0007010656197420079,1,random,2008-12-31,"{""1"": 0.0, ""2"": 0.0, ""3"": 0.0, ""4"": 0.0, ""5"": 0.0, ""6"": 0.0, ""7"": 0.0, ""8"": 0.0, ""9"": 0.0, ""10"": 0.0, ""11"": 0.0, ""12"": 0.008488964346349746}","{""0"": 0.0, ""1"": 0.0, ""2"": 0.0008900756564307966}"
Fairbank,ET,0.12941671340437466,923,systematic,2023-01-01,"{""1"": 0.15, ""2"": 0.1504424778761062, ""3"": 0.15, ""4"": 0.15, ""5"": 0.15, ""6"": 0.15, ""7"": 0.12166666666666667, ""8"": 0.10526315789473684, ""9"": 0.10526315789473684, ""10"": 0.10526315789473684, ""11"": 0.10526315789473684, ""12"": 0.10526315789473684}","{""0"": 0.23849693251533743, ""1"": 0.045454545454545456, ""2"": 0.08678237650200267}"
Fairbank,Temperature,0.0007010656197420079,1,random,2008-12-31,"{""1"": 0.0, ""2"": 0.0, ""3"": 0.0, ""4"": 0.0, ""5"": 0.0, ""6"": 0.0, ""7"": 0.0, ""8"": 0.0, ""9"": 0.0, ""10"": 0.0, ""11"": 0.0, ""12"": 0.008488964346349746}","{""0"": 0.0, ""1"": 0.0, ""2"": 0.0008900756564307966}"
Fairbank,VPD,0.0007010656197420079,1,random,2008-12-31,"{""1"": 0.0, ""2"": 0.0, ""3"": 0.0, ""4"": 0.0, ""5"": 0.0, ""6"": 0.0, ""7"": 0.0, ""8"": 0.0, ""9"": 0.0, ""10"": 0.0, ""11"": 0.0, ""12"": 0.008488964346349746}","{""0"": 0.0, ""1"": 0.0, ""2"": 0.0008900756564307966}"
Boquillas,Flow Code,0.17288278182837913,213,random,2024-12-11,"{""1"": 0.33548387096774196, ""2"": 0.30265486725663715, ""3"": 0.2806451612903226, ""4"": 0.205, ""5"": 0.15, ""6"": 0.145, ""7"": 0.07, ""8"": 0.05432937181663837, ""9"": 0.05263157894736842, ""10"": 0.09507640067911714, ""11"": 0.15789473684210525, ""12"": 0.21561969439728354}",{}
Boquillas,Precipitation,0.0007010656197420079,1,random,2008-12-31,"{""1"": 0.0, ""2"": 0.0, ""3"": 0.0, ""4"": 0.0, ""5"": 0.0, ""6"": 0.0, ""7"": 0.0, ""8"": 0.0, ""9"": 0.0, ""10"": 0.0, ""11"": 0.0, ""12"": 0.008488964346349746}","{""-1"": 0.0, ""1"": 0.0, ""2"": 0.0005241090146750524}"
Boquillas,ET,0.12941671340437466,923,systematic,2023-01-01,"{""1"": 0.15, ""2"": 0.1504424778761062, ""3"": 0.15, ""4"": 0.15, ""5"": 0.15, ""6"": 0.15, ""7"": 0.12166666666666667, ""8"": 0.10526315789473684, ""9"": 0.10526315789473684, ""10"": 0.10526315789473684, ""11"": 0.10526315789473684, ""12"": 0.10526315789473684}","{""-1"": 0.0, ""1"": 0.8157894736842105, ""2"": 0.11303284416491964}"
Boquillas,Temperature,0.0007010656197420079,1,random,2008-12-31,"{""1"": 0.0, ""2"": 0.0, ""3"": 0.0, ""4"": 0.0, ""5"": 0.0, ""6"": 0.0, ""7"": 0.0, ""8"": 0.0, ""9"": 0.0, ""10"": 0.0, ""11"": 0.0, ""12"": 0.008488964346349746}","{""-1"": 0.0, ""1"": 0.0, ""2"": 0.0005241090146750524}"
Boquillas,VPD,0.0007010656197420079,1,random,2008-12-31,"{""1"": 0.0, ""2"": 0.0, ""3"": 0.0, ""4"": 0.0, ""5"": 0.0, ""6"": 0.0, ""7"": 0.0, ""8"": 0.0, ""9"": 0.0, ""10"": 0.0, ""11"": 0.0, ""12"": 0.008488964346349746}","{""-1"": 0.0, ""1"": 0.0, ""2"": 0.0005241090146750524}"
CharlestonMesquite,Flow Code,0.20905776780706675,213,random,2024-12-11,"{""1"": 0.2903225806451613, ""2"": 0.2584070796460177, ""3"": 0.25806451612903225, ""4"": 0.19166666666666668, ""5"": 0.15, ""6"": 0.155, ""7"": 0.22166666666666668, ""8"": 0.23089983022071306, ""9"": 0.23508771929824562, ""10"": 0.11714770797962648, ""11"": 0.18771929824561404, ""12"": 0.21222410865874364}",{}
CharlestonMesquite,Precipitation,0.0007010656197420079,1,random,2008-12-31,"{""1"": 0.0, ""2"": 0.0, ""3"": 0.0, ""4"": 0.0, ""5"": 0.0, ""6"": 0.0, ""7"": 0.0, ""8"": 0.0, ""9"": 0.0, ""10"": 0.0, ""11"": 0.0, ""12"": 0.008488964346349746}","{""-1"": 0.0, ""0"": 0.0, ""1"": 0.0, ""2"": 0.0008051529790660225}"
CharlestonMesquite,ET,0.12941671340437466,923,systematic,2023-01-01,"{""1"": 0.15, ""2"": 0.1504424778761062, ""3"": 0.15, ""4"": 0.15, ""5"": 0.15, ""6"": 0.15, ""7"": 0.12166666666666667, ""8"": 0.10526315789473684, ""9"": 0.10526315789473684, ""10"": 0.10526315789473684, ""11"": 0.10526315789473684, ""12"": 0.10526315789473684}","{""-1"": 0.0, ""0"": 0.32348111658456485, ""1"": 0.031746031746031744, ""2"": 0.10265700483091787}"
CharlestonMesquite,Temperature,0.0007010656197420079,1,random,2008-12-31,"{""1"": 0.0, ""2"": 0.0, ""3"": 0.0, ""4"": 0.0, ""5"": 0.0, ""6"": 0.0, ""7"": 0.0, ""8"": 0.0, ""9"": 0.0, ""10"": 0.0, ""11"": 0.0, ""12"": 0.008488964346349746}","{""-1"": 0.0, ""0"": 0.0, ""1"": 0.0, ""2"": 0.0008051529790660225}"
CharlestonMesquite,VPD,0.0007010656197420079,1,random,2008-12-31,"{""1"": 0.0, ""2"": 0.0, ""3"": 0.0, ""4"": 0.0, ""5"": 0.0, ""6"": 0.0, ""7"": 0.0, ""8"": 0.0, ""9"": 0.0, ""10"": 0.0, ""11"": 0.0, ""12"": 0.008488964346349746}","{""-1"": 0.0, ""0"": 0.0, ""1"": 0.0, ""2"": 0.0008051529790660225}"
Moson,Flow Code,0.14596186203028602,229,random,2011-02-06,"{""1"": 0.19032258064516128, ""2"": 0.24424778761061947, ""3"": 0.21129032258064517, ""4"": 0.14166666666666666, ""5"": 0.1, ""6"": 0.11666666666666667, ""7"": 0.17333333333333334, ""8"": 0.19524617996604415, ""9"": 0.22105263157894736, ""10"": 0.025466893039049237, ""11"": 0.05263157894736842, ""12"": 0.07979626485568761}",{}
Moson,Precipitation,0.0007010656197420079,1,random,2008-12-31,"{""1"": 0.0, ""2"": 0.0, ""3"": 0.0, ""4"": 0.0, ""5"": 0.0, ""6"": 0.0, ""7"": 0.0, ""8"": 0.0, ""9"": 0.0, ""10"": 0.0, ""11"": 0.0, ""12"": 0.008488964346349746}","{""2"": 0.0006567066163191594}"
Moson,ET,0.12941671340437466,923,systematic,2023-01-01,"{""1"": 0.15, ""2"": 0.1504424778761062, ""3"": 0.15, ""4"": 0.15, ""5"": 0.15, ""6"": 0.15, ""7"": 0.12166666666666667, ""8"": 0.10526315789473684, ""9"": 0.10526315789473684, ""10"": 0.10526315789473684, ""11"": 0.10526315789473684, ""12"": 0.10526315789473684}","{""2"": 0.1165654243966508}"
Moson,Temperature,0.0007010656197420079,1,random,2008-12-31,"{""1"": 0.0, ""2"": 0.0, ""3"": 0.0, ""4"": 0.0, ""5"": 0.0, ""6"": 0.0, ""7"": 0.0, ""8"": 0.0, ""9"": 0.0, ""10"": 0.0, ""11"": 0.0, ""12"": 0.008488964346349746}","{""2"": 0.0006567066163191594}"
Moson,VPD,0.0007010656197420079,1,random,2008-12-31,"{""1"": 0.0, ""2"": 0.0, ""3"": 0.0, ""4"": 0.0, ""5"": 0.0, ""6"": 0.0, ""7"": 0.0, ""8"": 0.0, ""9"": 0.0, ""10"": 0.0, ""11"": 0.0, ""12"": 0.008488964346349746}","{""2"": 0.0006567066163191594}"
Hunter,Flow Code,0.15577678070667414,212,random,2024-12-12,"{""1"": 0.2064516129032258, ""2"": 0.2672566371681416, ""3"": 0.2435483870967742, ""4"": 0.23333333333333334, ""5"": 0.24516129032258063, ""6"": 0.21833333333333332, ""7"": 0.12166666666666667, ""8"": 0.0967741935483871, ""9"": 0.12280701754385964, ""10"": 0.01697792869269949, ""11"": 0.0, ""12"": 0.08149405772495756}",{}
Hunter,Precipitation,0.0007010656197420079,1,random,2008-12-31,"{""1"": 0.0, ""2"": 0.0, ""3"": 0.0, ""4"": 0.0, ""5"": 0.0, ""6"": 0.0, ""7"": 0.0, ""8"": 0.0, ""9"": 0.0, ""10"": 0.0, ""11"": 0.0, ""12"": 0.008488964346349746}","{""0"": 0.0, ""1"": 0.002570694087403599, ""2"": 0.000612619971411068}"
Hunter,ET,0.12941671340437466,923,systematic,2023-01-01,"{""1"": 0.15, ""2"": 0.1504424778761062, ""3"": 0.15, ""4"": 0.15, ""5"": 0.15, ""6"": 0.15, ""7"": 0.12166666666666667, ""8"": 0.10526315789473684, ""9"": 0.10526315789473684, ""10"": 0.10526315789473684, ""11"": 0.10526315789473684, ""12"": 0.10526315789473684}","{""0"": 0.3741496598639456, ""1"": 0.23393316195372751, ""2"": 0.0702470900551358}"
Hunter,Temperature,0.0007010656197420079,1,random,2008-12-31,"{""1"": 0.0, ""2"": 0.0, ""3"": 0.0, ""4"": 0.0, ""5"": 0.0, ""6"": 0.0, ""7"": 0.0, ""8"": 0.0, ""9"": 0.0, ""10"": 0.0, ""11"": 0.0, ""12"": 0.008488964346349746}","{""0"": 0.0, ""1"": 0.002570694087403599, ""2"": 0.000612619971411068}"
Hunter,VPD,0.0007010656197420079,1,random,2008-12-31,"{""1"": 0.0, ""2"": 0.0, ""3"": 0.0, ""4"": 0.0, ""5"": 0.0, ""6"": 0.0, ""7"": 0.0, ""8"": 0.0, ""9"": 0.0, ""10"": 0.0, ""11"": 0.0, ""12"": 0.008488964346349746}","{""0"": 0.0, ""1"": 0.002570694087403599, ""2"": 0.000612619971411068}"
Hereford,Flow Code,0.4489624228827818,2180,systematic,2019-07-24,"{""1"": 0.5338709677419354, ""2"": 0.5929203539823009, ""3"": 0.482258064516129, ""4"": 0.43333333333333335, ""5"": 0.4, ""6"": 0.38333333333333336, ""7"": 0.3416666666666667, ""8"": 0.39728353140916806, ""9"": 0.47017543859649125, ""10"": 0.43463497453310695, ""11"": 0.47368421052631576, ""12"": 0.45161290322580644}",{}
Hereford,Precipitation,0.0007010656197420079,1,random,2008-12-31,"{""1"": 0.0, ""2"": 0.0, ""3"": 0.0, ""4"": 0.0, ""5"": 0.0, ""6"": 0.0, ""7"": 0.0, ""8"": 0.0, ""9"": 0.0, ""10"": 0.0, ""11"": 0.0, ""12"": 0.008488964346349746}","{""0"": 0.0, ""1"": 0.0, ""2"": 0.0007668711656441718}"
Hereford,ET,0.12941671340437466,923,systematic,2023-01-01,"{""1"": 0.15, ""2"": 0.1504424778761062, ""3"": 0.15, ""4"": 0.15, ""5"": 0.15, ""6"": 0.15, ""7"": 0.12166666666666667, ""8"": 0.10526315789473684, ""9"": 0.10526315789473684, ""10"": 0.10526315789473684, ""11"": 0.10526315789473684, ""12"": 0.10526315789473684}","{""0"": 0.0, ""1"": 0.0, ""2"": 0.0}"
Hereford,Temperature,0.0007010656197420079,1,random,2008-12-31,"{""1"": 0.0, ""2"": 0.0, ""3"": 0.0, ""4"": 0.0, ""5"": 0.0, ""6"": 0.0, ""7"": 0.0, ""8"": 0.0, ""9"": 0.0, ""10"": 0.0, ""11"": 0.0, ""12"": 0.008488964346349746}","{""0"": 0.0, ""1"": 0.0, ""2"": 0.0007668711656441718}"
Hereford,VPD,0.0007010656197420079,1,random,2008-12-31,"{""1"": 0.0, ""2"": 0.0, ""3"": 0.0, ""4"": 0.0, ""5"": 0.0, ""6"": 0.0, ""7"": 0.0, ""8"": 0.0, ""9"": 0.0, ""10"": 0.0, ""11"": 0.0, ""12"": 0.008488964346349746}","{""0"": 0.0, ""1"": 0.0, ""2"": 0.0007668711656441718}"
