Gage,Name,Latitude,Longitude
GW,314248110105901,31.713525,-110.1837167
GW,314317110113401,31.72146944,-110.1933028
GW,314318110113101,31.7216861,-110.1924889
GW,313721110112401,31.6225361,-110.1899472
GW,313738110102901,31.62744444,-110.1753944
GW,313841110122201,31.64470278,-110.2059917
GW,313642110100102,31.611775,-110.1676083
GW,313643110100101,31.6119,-110.1674778
GW,313643110100102,31.6118972,-110.1674778
GW,312843110070801,31.47880833,-110.1194139
GW,312853110070401,31.48143889,-110.1186389
GW,312900110071001,31.48331944,-110.1199667
GW,312716110063202,31.45453333,-110.1096972
GW,312716110063302,31.4546722,-110.1099306
GW,312717110063502,31.45477778,-110.1105194
GW,314511110120601,31.75269444,-110.2024111
GW,314901110125401,31.81713056,-110.2156278
GW,314059110112003,31.6832361,-110.1888194
GW,314144110104701,31.69561667,-110.1805139
GW,314144110104702,31.69558889,-110.1805278
Q,09470500,31.380130910052983,-110.11120925361921
Q,09470920,31.5544444444444,-110.14
Q,09471000,31.6259416666667,-110.175102777778
Q,09471550,31.7514444444444,-110.201333333333
P,Babocomari,31.6647811,-110.286859
P,Bella Vista,31.5856608,-110.191858
P,HD Border RG,31.3362653,-110.0902264
P,HD Channel,31.3563358,-110.0829112
P,Horseshoe Draw,31.3478929,-110.0813554
P,Palominas Facility,31.3831881,-110.1140307
P,Palominas KR,31.3841122,-110.2055378
P,Riverstone RG,31.5039375,-110.1517284
ET,US-CMW,31.6637,-110.1777
ET,US-LS1,31.5615,-110.1403
ET,US-LS2,31.5659,-110.1344
